<?xml version='1.0' encoding='UTF-8'?>
<?metadataRepository class='org.eclipse.equinox.internal.p2.metadata.repository.LocalMetadataRepository' version='1.0.0'?>
<repository name='Agent rollback repository' type='org.eclipse.equinox.internal.p2.metadata.repository.LocalMetadataRepository' version='1'>
  <properties size='2'>
    <property name='p2.system' value='true'/>
    <property name='p2.timestamp' value='1234398165071'/>
  </properties>
  <units size='1'>
    <unit id='PlatformProfile' version='0.0.0.1234398131471' singleton='false'>
      <properties size='7'>
        <property name='org.eclipse.equinox.p2.type.profile' value='true'/>
        <property name='org.eclipse.equinox.p2.cache' value='/builds/M/src/M20090211-1700/p2temp/equinox.p2.build/platform.install.win32.win32.x86/eclipse'/>
        <property name='org.eclipse.equinox.p2.flavor' value='tooling'/>
        <property name='org.eclipse.equinox.p2.roaming' value='true'/>
        <property name='org.eclipse.update.install.features' value='true'/>
        <property name='org.eclipse.equinox.p2.environments' value='osgi.ws=win32,osgi.os=win32,osgi.arch=x86'/>
        <property name='org.eclipse.equinox.p2.installFolder' value='/builds/M/src/M20090211-1700/p2temp/equinox.p2.build/platform.install.win32.win32.x86/eclipse'/>
      </properties>
      <touchpoint id='null' version='0.0.0'/>
    </unit>
  </units>
</repository>
