<?xml version="1.0" encoding="UTF-8"?><feature
      id="org.eclipse.cvs"
      label="%featureName"
      version="1.1.2.R342_v20090122-7C79E9x9sLM1t6M9YD7_A7"
      provider-name="%providerName">

   <description>
      %description
   </description>

   <license url="%licenseURL">
      %license
   </license>

   <url>
      <update label="%updateSiteName" url="http://download.eclipse.org/eclipse/updates/3.4"/>
      <discovery label="%updateSiteName" url="http://download.eclipse.org/eclipse/updates/3.4"/>
   </url>

   <requires>
      <import feature="org.eclipse.platform" version="3.3.0" match="compatible"/>
   </requires>

   <plugin
         id="org.eclipse.cvs"
         download-size="0"
         install-size="0"
         version="1.0.200.R342_v20090206"
         unpack="false"/>

   <plugin
         id="org.eclipse.team.cvs.core"
         download-size="0"
         install-size="0"
         version="3.3.101.r34x_20090115"
         unpack="false"/>

   <plugin
         id="org.eclipse.team.cvs.ssh"
         download-size="0"
         install-size="0"
         version="3.2.100.I20080604"
         unpack="false"/>

   <plugin
         id="org.eclipse.team.cvs.ssh2"
         download-size="0"
         install-size="0"
         version="3.2.200.I20080604"
         unpack="false"/>

   <plugin
         id="org.eclipse.team.cvs.ui"
         download-size="0"
         install-size="0"
         version="3.3.100.r34x_20090121"
         unpack="false"/>

</feature>
