<?xml version="1.0" encoding="UTF-8"?>
<feature id="de.innot.avreclipse.source" version="2.3.1.20081204PRD" label="AVR Eclipse Plugin" provider-name="%providerName"       primary="false" >
	<description >
		%description
	</description>
	<copyright >
		%copyright
	</copyright>
	<license url="http://www.gnu.org/licenses/gpl.txt">
		%licence
	</license>
	<url>
		<update url="http://avr-eclipse.sourceforge.net/updatesite/" label="%updateSiteName"/>
		<discovery url="http://avr-eclipse.sourceforge.net/updatesite/" label="%discoverySiteName"/>
	</url>
	<plugin id="de.innot.avreclipse.source" version="2.3.1.20081204PRD" fragment="false"     download-size="0" install-size="0"/>
</feature>
