<?xml version="1.0" encoding="UTF-8"?>
<feature
      id="org.eclipse.cdt.mylyn"
      label="%featureName"
      version="5.0.2.200902130801"
      provider-name="Eclipse.org"
      plugin="org.eclipse.cdt.mylyn">

   <description>
      %description
   </description>

   <copyright url="http://www.eclipse.org/legal/epl-v10.html">
      %copyright
   </copyright>

   <license url="%licenseURL">
      %license
   </license>

   <url>
      <update label="%updateSiteName" url="http://download.eclipse.org/tools/cdt/releases/ganymede"/>
   </url>

   <requires>
      <import plugin="org.eclipse.cdt.core"/>
      <import plugin="org.eclipse.mylyn.context.core"/>
      <import plugin="org.eclipse.ui"/>
      <import plugin="org.eclipse.core.resources"/>
      <import plugin="org.eclipse.core.runtime"/>
      <import plugin="org.eclipse.mylyn.resources.ui"/>
      <import plugin="org.eclipse.mylyn.monitor.core"/>
      <import plugin="org.eclipse.cdt.ui"/>
      <import plugin="org.eclipse.ui.views"/>
      <import plugin="org.eclipse.ui.ide"/>
      <import plugin="org.eclipse.mylyn.context.ui"/>
      <import plugin="org.eclipse.mylyn.monitor.ui"/>
      <import plugin="org.eclipse.jface.text"/>
      <import plugin="org.eclipse.ui.editors" version="3.4.0" match="greaterOrEqual"/>
      <import plugin="org.eclipse.mylyn.tasks.ui" version="2.3.0" match="greaterOrEqual"/>
      <import plugin="org.eclipse.ui.forms" version="3.3.100" match="greaterOrEqual"/>
      <import plugin="org.eclipse.mylyn.tasks.core" version="2.3.0" match="greaterOrEqual"/>
      <import plugin="org.eclipse.ui.navigator" version="3.3.100" match="greaterOrEqual"/>
      <import plugin="com.ibm.icu"/>
   </requires>

   <plugin
         id="org.eclipse.cdt.mylyn.ui"
         download-size="0"
         install-size="0"
         version="5.0.1.200902130801"
         unpack="false"/>

   <plugin
         id="org.eclipse.cdt.mylyn"
         download-size="0"
         install-size="0"
         version="1.0.0.200902130801"/>

</feature>
