<?xml version="1.0" encoding="UTF-8"?>
<feature
      id="org.eclipse.cdt"
      label="%featureName"
      version="5.0.2.200902130801"
      provider-name="%providerName"
      image="eclipse_update_120.jpg">

   <description>
      %description
   </description>

   <copyright>
      %copyright
   </copyright>

   <license url="%licenseURL">
      %license
   </license>

   <url>
      <update label="%updateSiteName" url="http://download.eclipse.org/tools/cdt/releases/ganymede"/>
   </url>

   <includes
         id="org.eclipse.cdt.platform"
         version="5.0.2.200902130801"/>
         
   <includes
         id="org.eclipse.cdt.gnu.build"
         version="5.0.2.200902130801"/>

   <includes
         id="org.eclipse.cdt.gnu.debug"
         version="5.0.2.200902130801"/>


</feature>
