<?xml version="1.0" encoding="UTF-8"?>
<feature
      id="org.eclipse.cdt.gnu.debug"
      label="%featureName"
      version="5.0.2.200902130801"
      provider-name="%providerName">

   <description>
      %description
   </description>

   <copyright>
      %copyright
   </copyright>

   <license url="%licenseURL">
      %license
   </license>

   <url>
      <update label="%updateSiteName" url="http://download.eclipse.org/tools/cdt/releases/ganymede"/>
   </url>

   <requires>
      <import plugin="org.eclipse.core.resources" version="3.2.0" match="compatible"/>
      <import plugin="org.eclipse.debug.core" version="3.2.0" match="compatible"/>
      <import plugin="org.eclipse.core.runtime" version="3.2.0" match="compatible"/>
      <import plugin="org.eclipse.ui" version="3.2.0" match="compatible"/>
      <import plugin="org.eclipse.debug.ui" version="3.2.0" match="compatible"/>
      <import plugin="org.eclipse.ui.console" version="3.1.100" match="compatible"/>
      <import plugin="org.eclipse.jface.text" version="3.2.0" match="compatible"/>
      <import plugin="org.eclipse.ui.ide" version="3.2.0" match="compatible"/>
      <import plugin="org.eclipse.core.expressions" version="3.2.0" match="compatible"/>
      <import plugin="org.eclipse.core.variables" version="3.1.100" match="compatible"/>
      <import plugin="org.eclipse.cdt.core" version="5.0.0" match="compatible"/>
      <import plugin="org.eclipse.cdt.ui" version="5.0.0" match="compatible"/>
      <import plugin="org.eclipse.cdt.debug.core" version="5.0.0" match="compatible"/>
      <import plugin="org.eclipse.cdt.debug.mi.core" version="5.0.0" match="compatible"/>
      <import plugin="org.eclipse.cdt.debug.ui" version="5.0.0" match="compatible"/>
   </requires>

   <plugin
         id="org.eclipse.cdt.debug.mi.core"
         download-size="0"
         install-size="0"
         version="5.0.1.200902130801"
         unpack="false"/>

   <plugin
         id="org.eclipse.cdt.debug.mi.ui"
         download-size="0"
         install-size="0"
         version="5.0.1.200902130801"
         unpack="false"/>

   <plugin
         id="org.eclipse.cdt.launch"
         download-size="0"
         install-size="0"
         version="5.0.2.200902130801"
         unpack="false"/>

</feature>
