<?xml version="1.0" encoding="UTF-8"?>
<feature
      id="de.innot.avreclipse"
      label="AVR Eclipse Plugin"
      provider-name="%providerName"
      version="2.3.1.20081204PRD">

   <description>
      %description
   </description>

   <copyright>
      %copyright
   </copyright>

   <license url="http://www.gnu.org/licenses/gpl.txt">
      %licence
   </license>

   <url>
      <update label="%updateSiteName" url="http://avr-eclipse.sourceforge.net/updatesite/"/>
      <discovery label="%discoverySiteName" url="http://avr-eclipse.sourceforge.net/updatesite/"/>
   </url>

   <includes
         id="de.innot.avreclipse.source"
         version="2.3.1.20081204PRD"/>

   <requires>
      <import plugin="org.eclipse.cdt.core" version="4.0.0" match="greaterOrEqual"/>
      <import plugin="org.eclipse.cdt.managedbuilder.core"/>
      <import plugin="org.eclipse.cdt.managedbuilder.ui"/>
      <import plugin="org.eclipse.cdt.ui"/>
      <import plugin="org.eclipse.ui"/>
      <import plugin="org.eclipse.core.runtime"/>
      <import plugin="org.eclipse.ui.ide"/>
      <import plugin="org.eclipse.core.resources"/>
      <import plugin="org.eclipse.core.filesystem"/>
   </requires>

   <plugin
         id="de.innot.avreclipse"
         download-size="0"
         install-size="0"
         version="2.3.1.20081204PRD"
         unpack="false"/>

   <plugin
         id="de.innot.avreclipse.doc"
         download-size="0"
         install-size="0"
         version="2.3.1.20081204PRD"
         unpack="false"/>

   <plugin
         id="de.innot.avreclipse.core"
         download-size="0"
         install-size="0"
         version="2.3.1.20081204PRD"
         unpack="false"/>

</feature>
